[{
  "_id": {
    "$oid": "63f0edbb3950bc204cbd42d4"
  },
  "loan_balance": 0,
  "created_by": {
    "$oid": "6117e4b90169bb2d58f65354"
  },
  "updated_by": {
    "$oid": "6117e4b90169bb2d58f65354"
  },
  "employee_type": "admin",
  "username": "admin",
  "password": "$2a$10$w2rCyvHZkaVyPNGodoYrvOYQIkXj4Q4oRZEYYi/f5wVC9Mye560Wa",
  "email": "admin@admin.com",
  "first_name": "Super",
  "last_name": "Admin",
  "gender": "male",
  "dob": {
    "$date": "2023-01-31T18:30:00Z"
  },
  "blood_group": "a_positive",
  "pages": [
    "roasting",
    "human_cutting",
    "machine_cutting",
    "oven_heating",
    "cooling",
    "machine_peeling",
    "human_peeling",
    "sorting_machine",
    "machine_grading",
    "human_grading",
    "final_oven_entry",
    "view_wage",
    "view_wage_employee",
    "payroll_entry",
    "management",
    "reporting"
  ],
  "created_date": {
    "$date": "2023-02-18T15:24:43.863Z"
  },
  "updated_date": {
    "$date": "2023-02-18T15:24:43.863Z"
  }
}]