[{
  "_id": {
    "$oid": "615b30a18103d32a5c734971"
  },
  "status": true,
  "created_by": 1,
  "updated_by": {
    "$oid": "61e1d2c24292c30016e543d3"
  },
  "gp360": {
    "condition": ">=",
    "weight_limit": 12,
    "true_multiplier": 5,
    "false_multiplier": 3,
    "jh_multiplier": 30,
    "jh1_multiplier": 30,
    "jk_multiplier": 30,
    "remaining_multiplier": 20
  },
  "gp": {
    "condition": ">=",
    "weight_limit": 12,
    "true_multiplier": 4,
    "false_multiplier": 2,
    "jh_multiplier": 25,
    "jh1_multiplier": 25,
    "jk_multiplier": 20,
    "remaining_multiplier": 15
  },
  "dp_piece": {
    "c1_condition": "<",
    "c1_weight_limit": 25,
    "c1_rate_multiplier": 15,
    "c2_condition": ">=",
    "c2_weight_limit": 40,
    "c2_rate": 400,
    "c3_condition": ">=",
    "c3_weight_limit": 25,
    "c3_rate": 375
  },
  "fixed_wages": {
    "kernel_grading": 100,
    "peeling": 200,
    "seperating": 350,
    "scooping": 350,
    "piece": 350,
    "wholes": 350,
    "hand_cutting": 300,
    "machine_operator": 375,
    "cleaners": 375,
    "full_absent": 0
  },
  "hp_360gp": {
    "condition": ">=",
    "weight_limit": 12,
    "true_multiplier": 5,
    "false_multiplier": 3,
    "jh_multiplier": 30,
    "jh1_multiplier": 30,
    "jk_multiplier": 30,
    "remaining_multiplier": 20
  },
  "hp_gp": {
    "condition": ">=",
    "weight_limit": 12,
    "true_multiplier": 4,
    "false_multiplier": 2,
    "jh_multiplier": 25,
    "jh1_multiplier": 25,
    "jk_multiplier": 20,
    "remaining_multiplier": 15
  },
  "jh_piece": {
    "c1_condition": "<",
    "c1_weight_limit": 40,
    "c1_rate_multiplier": 9.375,
    "c2_condition": ">=",
    "c2_weight_limit": 50,
    "c2_rate": 400,
    "c3_condition": ">=",
    "c3_weight_limit": 40,
    "c3_rate": 375
  },
  "pajji_peeling": {
    "c1_condition": "<",
    "c1_weight_limit": 6.25,
    "c1_rate_multiplier": 60,
    "c2_condition": ">=",
    "c2_weight_limit": 10,
    "c2_rate": 400,
    "c3_condition": ">=",
    "c3_weight_limit": 6.25,
    "c3_rate": 375
  },
  "piece_pajji": {
    "c1_condition": "<=",
    "c1_weight_limit": 30,
    "c1_rate_multiplier": 12.5,
    "c2_condition": ">=",
    "c2_weight_limit": 50,
    "c2_rate": 400,
    "c3_condition": ">",
    "c3_weight_limit": 30,
    "c3_rate": 380
  },
  "wholes_grading": {
    "c1_condition": "<",
    "c1_weight_limit": 100,
    "c1_rate_multiplier": 3.75,
    "c2_condition": ">=",
    "c2_weight_limit": 150,
    "c2_rate": 400,
    "c3_condition": ">=",
    "c3_weight_limit": 120,
    "c3_rate": 380,
    "c4_condition": ">=",
    "c4_weight_limit": 100,
    "c4_rate": 375
  },
  "hand_peeling": {
    "wholes_weight_condition": "<=",
    "wholes_weight_limit": 12,
    "wholes_weight_limit_true": 35,
    "wholes_weight_limit_false": 40,
    "pieces_weight_condition": "<=",
    "pieces_weight_limit_percentage": 8,
    "pieces_weight_limit_true": 50,
    "pieces_weight_limit_false": 35
  },
  "hp_kale": {
    "wholes_weight_condition": "<=",
    "wholes_weight_limit": 25,
    "wholes_weight_limit_true": 20,
    "wholes_weight_limit_false": 25,
    "pieces_weight_condition": "<=",
    "pieces_weight_limit_percentage": 4,
    "pieces_weight_limit_true": 40,
    "pieces_weight_limit_false": 20
  },
  "hp_peeling": {
    "wholes_weight_condition": "<=",
    "wholes_weight_limit": 12,
    "wholes_weight_limit_true": 35,
    "wholes_weight_limit_false": 40,
    "pieces_weight_condition": "<=",
    "pieces_weight_limit_percentage": 8,
    "pieces_weight_limit_true": 50,
    "pieces_weight_limit_false": 35
  },
  "kale": {
    "wholes_weight_condition": "<=",
    "wholes_weight_limit": 25,
    "wholes_weight_limit_true": 20,
    "wholes_weight_limit_false": 25,
    "pieces_weight_condition": "<=",
    "pieces_weight_limit_percentage": 4,
    "pieces_weight_limit_true": 40,
    "pieces_weight_limit_false": 20
  },
  "mixed_uncut_wage": {
    "wholes_weight_condition": ">",
    "wholes_weight_limit": 8,
    "wholes_weight_limit_true": 45,
    "wholes_weight_limit_false": 45,
    "pieces_weight_condition": "<=",
    "pieces_weight_limit_percentage": 25,
    "pieces_weight_limit_true": 40,
    "pieces_weight_limit_false": 35
  },
  "uncut_wage": {
    "a_plus_wholes_weight_condition": ">=",
    "a_plus_wholes_weight_limit": 10,
    "a_plus_wholes_weight_limit_true": 25,
    "a_plus_wholes_weight_limit_false": 20,
    "a_plus_pieces_weight_condition": "<=",
    "a_plus_pieces_weight_limit": 0.4,
    "a_plus_pieces_weight_limit_true": 5,
    "a_plus_pieces_weight_limit_false": 0,
    "a_wholes_weight_condition": ">=",
    "a_wholes_weight_limit": 10,
    "a_wholes_weight_limit_true": 28,
    "a_wholes_weight_limit_false": 23,
    "a_pieces_weight_condition": "<=",
    "a_pieces_weight_limit": 0.4,
    "a_pieces_weight_limit_true": 5,
    "a_pieces_weight_limit_false": 0,
    "b_wholes_weight_condition": ">=",
    "b_wholes_weight_limit": 10,
    "b_wholes_weight_limit_true": 35,
    "b_wholes_weight_limit_false": 30,
    "b_pieces_weight_condition": "<=",
    "b_pieces_weight_limit": 0.4,
    "b_pieces_weight_limit_true": 5,
    "b_pieces_weight_limit_false": 0,
    "c_wholes_weight_condition": ">=",
    "c_wholes_weight_limit": 10,
    "c_wholes_weight_limit_true": 40,
    "c_wholes_weight_limit_false": 35,
    "c_pieces_weight_condition": "<=",
    "c_pieces_weight_limit": 0.4,
    "c_pieces_weight_limit_true": 5,
    "c_pieces_weight_limit_false": 0,
    "d_wholes_weight_condition": ">=",
    "d_wholes_weight_limit": 10,
    "d_wholes_weight_limit_true": 45,
    "d_wholes_weight_limit_false": 40,
    "d_pieces_weight_condition": "<=",
    "d_pieces_weight_limit": 0.4,
    "d_pieces_weight_limit_true": 5,
    "d_pieces_weight_limit_false": 0
  },
  "created_date": {
    "$date": "2021-10-04T16:49:37.051Z"
  },
  "updated_date": {
    "$date": "2023-02-16T10:18:58.297Z"
  },
  "ungraded_kale": {
    "wholes_weight_condition": "<=",
    "wholes_weight_limit": 25,
    "wholes_weight_limit_true": 20,
    "wholes_weight_limit_false": 25,
    "pieces_weight_condition": "<=",
    "pieces_weight_limit_percentage": 4,
    "pieces_weight_limit_true": 40,
    "pieces_weight_limit_false": 20
  },
  "payroll": {
    "bus_charge": 100,
    "bonus_pay": 10,
    "canteen_charge": 60,
    "dearness_allowance": 200,
    "esi_employee_contribution": 0.75,
    "esi_employer_contribution": 3.25,
    "holiday_pay": 5,
    "pf_employee_contribution": 12,
    "pf_employer_contribution": 12
  }
}]